RowId,Speed_Diff
1,nan
2,Low
3,nan
4,High
5,Low
6,Medium
7,Medium
8,Medium
9,nan
10,Medium
11,nan
12,nan
13,Medium
14,High
15,Medium
16,High
17,nan
18,High
19,Low
20,nan
21,nan
22,nan
23,Low
24,nan
25,Medium
26,Medium
27,High
28,nan
29,nan
30,High
31,nan
32,Low
33,Very_High
34,Medium
35,nan
36,Low
37,Medium
38,High
39,High
40,nan
41,nan
42,nan
43,High
44,Very_High
45,High
46,Low
47,Medium
48,Low
49,Low
50,Low
51,Medium
52,Medium
53,High
54,Medium
55,nan
56,High
57,Very_High
58,High
59,High
60,nan
61,nan
62,Low
63,nan
64,nan
65,Very_High
66,nan
67,High
68,Low
69,High
70,High
71,nan
72,Medium
73,Medium
74,Medium
75,High
76,High
77,nan
78,nan
79,Medium
80,High
81,Low
82,Low
83,Very_High
84,nan
85,nan
86,Low
87,nan
88,Medium
89,nan
90,High
91,Medium
92,nan
93,nan
94,High
95,Medium
96,nan
97,High
98,nan
99,nan
100,Very_High
101,Medium
102,Medium
103,nan
104,nan
105,High
106,Medium
107,Very_High
108,High
109,Low
110,nan
111,Low
112,nan
113,High
114,High
115,nan
116,Low
117,Medium
118,nan
119,nan
120,Very_High
121,nan
122,nan
123,Medium
124,Low
125,Medium
126,High
127,Low
128,High
129,Medium
130,nan
131,High
132,nan
133,Medium
134,Medium
135,Very_High
136,Medium
137,Low
138,Medium
139,Very_High
140,Low
141,nan
142,High
143,High
144,High
145,Low
146,Medium
147,Medium
148,High
149,High
150,nan
151,High
152,nan
153,nan
154,High
155,Very_High
156,Low
157,Medium
158,Very_High
159,Medium
160,Low
161,High
162,High
163,nan
164,Low
165,Medium
166,Low
167,High
168,Low
169,Medium
170,nan
171,nan
172,Medium
173,nan
174,Low
175,Medium
176,nan
177,Low
178,Medium
179,Medium
180,Low
181,High
182,High
183,Low
184,High
185,nan
186,Low
187,Medium
188,High
189,High
190,nan
191,nan
192,Low
193,Very_High
194,Medium
195,nan
196,Low
197,High
198,High
199,Low
200,Very_High
201,Low
202,nan
203,Medium
204,Low
205,Medium
206,nan
207,High
208,Low
209,Medium
210,nan
211,nan
212,nan
213,High
214,Low
215,Medium
216,nan
217,Low
218,High
219,High
220,nan
221,Low
222,nan
223,Medium
224,Very_High
225,High
226,nan
227,Low
228,High
229,Low
230,Very_High
231,nan
232,Very_High
233,nan
234,Low
235,nan
236,Low
237,nan
238,High
239,Medium
240,nan
241,nan
242,nan
243,Medium
244,Medium
245,Low
246,High
247,nan
248,nan
249,Medium
250,Medium
251,nan
252,Medium
253,Medium
254,Medium
255,High
256,High
257,nan
258,Low
259,nan
260,Low
261,Low
262,nan
263,nan
264,Medium
265,Low
266,Medium
267,Medium
268,Medium
269,Low
270,Low
271,Low
272,nan
273,Medium
274,Low
275,Low
276,Low
277,Medium
278,High
279,nan
280,nan
281,High
282,nan
283,nan
284,Low
285,nan
286,Medium
287,Medium
288,nan
289,Medium
290,Very_High
291,nan
292,nan
293,Low
294,High
295,nan
296,Medium
297,Low
298,Medium
299,nan
300,nan
301,nan
302,nan
303,nan
304,Low
305,Low
306,Medium
307,Medium
308,nan
309,nan
310,Low
311,nan
312,Low
313,nan
314,Medium
315,nan
316,Very_High
317,Low
318,Medium
319,High
320,Medium
321,Low
322,Medium
323,Low
324,Medium
325,nan
326,Medium
327,nan
328,High
329,High
330,Low
331,Medium
332,Low
333,nan
334,Low
335,Low
336,Very_High
337,Low
338,nan
339,High
340,High
341,nan
342,nan
343,Low
344,Low
345,nan
346,High
347,nan
348,nan
349,Medium
350,Medium
351,Low
352,High
353,nan
354,Very_High
355,Medium
356,Very_High
357,Low
358,nan
359,High
360,High
361,nan
362,nan
363,Medium
364,High
365,Medium
366,Medium
367,Low
368,High
369,nan
370,Low
371,Low
372,Medium
373,nan
374,nan
375,Medium
376,Low
377,nan
378,nan
379,Very_High
380,nan
381,nan
382,nan
383,Low
384,High
385,nan
386,Low
387,nan
388,High
389,Medium
390,Medium
391,nan
392,Medium
393,High
394,nan
395,Medium
396,nan
397,Medium
398,nan
399,Low
400,nan
401,nan
402,High
403,Low
404,Very_High
405,nan
406,High
407,Medium
408,nan
409,Medium
410,nan
411,nan
412,Low
413,Medium
414,nan
415,Low
416,High
417,nan
418,nan
419,Medium
420,Medium
421,nan
422,nan
423,High
424,Low
425,Medium
426,nan
427,Low
428,Low
429,High
430,Medium
431,Low
432,Medium
433,Low
434,High
435,Medium
436,nan
437,nan
438,Low
439,Low
440,Low
441,High
442,High
443,High
444,High
445,Low
446,High
447,nan
448,Medium
449,Low
450,High
451,High
452,Low
453,nan
454,nan
455,nan
456,Medium
457,High
458,nan
459,nan
460,High
461,nan
462,Low
463,Medium
464,nan
465,nan
466,High
467,Medium
468,Low
469,Medium
470,Medium
471,Medium
472,nan
473,nan
474,Low
475,Very_High
476,Low
477,Low
478,Medium
479,Very_High
480,High
481,Medium
482,Medium
483,Low
484,Very_High
485,Medium
486,Low
487,Medium
488,Medium
489,nan
490,nan
491,High
492,nan
493,High
494,nan
495,High
496,Low
497,nan
498,Low
499,Low
500,Low
501,Low
502,High
503,nan
504,nan
505,Medium
506,Medium
507,nan
508,nan
509,nan
510,nan
511,nan
512,nan
513,High
514,Low
515,Low
516,nan
517,Very_High
518,Medium
519,Very_High
520,nan
521,High
522,nan
523,nan
524,Medium
525,Medium
526,Low
527,nan
528,nan
529,High
530,nan
531,Very_High
532,Low
533,Medium
534,Low
535,Medium
536,Low
537,High
538,nan
539,Medium
540,nan
541,High
542,High
543,nan
544,Medium
545,Very_High
546,nan
547,nan
548,nan
549,High
550,nan
551,Very_High
552,Medium
553,nan
554,nan
555,Very_High
556,Medium
557,High
558,nan
559,Medium
560,Medium
561,Low
562,nan
563,nan
564,nan
565,nan
566,nan
567,Medium
568,Low
569,Medium
570,Low
571,Low
572,Very_High
573,Very_High
574,nan
575,Medium
576,High
577,Medium
578,Low
579,Low
580,nan
581,High
582,Medium
583,nan
584,High
585,Very_High
586,nan
587,nan
588,Medium
589,nan
590,Very_High
591,High
592,nan
593,High
594,nan
595,nan
596,nan
597,nan
598,Medium
599,nan
600,Low
601,High
602,High
603,Medium
604,High
605,Low
606,Medium
607,nan
608,High
609,High
610,nan
611,Medium
612,nan
613,nan
614,Medium
615,nan
616,nan
617,Very_High
618,Very_High
619,High
620,Very_High
621,Very_High
622,Low
623,High
624,Very_High
625,Medium
626,High
627,nan
628,nan
629,Medium
630,Medium
631,Low
632,Medium
633,High
634,Very_High
635,Low
636,Medium
637,nan
638,nan
639,Very_High
640,nan
641,nan
642,nan
643,Medium
644,Medium
645,Medium
646,High
647,nan
648,nan
649,High
650,Medium
651,Medium
652,Very_High
653,Low
654,High
655,nan
656,nan
657,nan
658,Medium
659,High
660,nan
661,nan
662,nan
663,Medium
664,High
665,High
666,Low
667,High
668,Low
669,High
670,nan
671,nan
672,nan
673,Medium
674,High
675,nan
676,Low
677,Very_High
678,Low
679,High
680,nan
681,nan
682,Medium
683,Very_High
684,High
685,Medium
686,Low
687,Low
688,Medium
689,Medium
690,Medium
691,Low
692,nan
693,High
694,Medium
695,nan
696,High
697,Very_High
698,Medium
699,Very_High
700,Medium
701,nan
702,Medium
703,Medium
704,nan
705,nan
706,Low
707,nan
708,High
709,nan
710,Low
711,Medium
712,Low
713,Low
714,nan
715,Medium
716,Medium
717,High
718,High
719,High
720,Medium
721,Low
722,nan
723,Medium
724,nan
725,nan
726,Very_High
727,Medium
728,Medium
729,nan
730,High
731,Low
732,Low
733,Medium
734,High
735,Medium
736,High
737,Medium
738,High
739,nan
740,Medium
741,Medium
742,Low
743,nan
744,High
745,Low
746,Low
747,Low
748,Low
749,Very_High
750,High
751,Low
752,nan
753,Medium
754,Very_High
755,Low
756,Low
757,Low
758,nan
759,nan
760,nan
761,nan
762,nan
763,High
764,Low
765,nan
766,High
767,nan
768,Low
769,Low
770,Medium
771,Low
772,High
773,High
774,nan
775,Medium
776,Low
777,nan
778,Medium
779,Medium
780,Medium
781,nan
782,Low
783,High
784,Medium
785,High
786,Very_High
787,Low
788,High
789,Low
790,Low
791,Medium
792,Medium
793,Medium
794,nan
795,Low
796,Low
797,Low
798,High
799,nan
800,High
801,nan
802,Low
803,High
804,Low
805,Medium
806,High
807,Medium
808,Medium
809,High
810,Very_High
811,nan
812,nan
813,nan
814,nan
815,Low
816,Low
817,Very_High
818,Medium
819,Medium
820,Low
821,nan
822,High
823,Very_High
824,High
825,nan
826,High
827,Low
828,nan
829,Low
830,Very_High
831,nan
832,nan
833,Medium
834,nan
835,Low
836,nan
837,Medium
838,nan
839,nan
840,Medium
841,nan
842,High
843,High
844,nan
845,Low
846,Medium
847,High
848,nan
849,Very_High
850,Low
851,Medium
852,High
853,Low
854,nan
855,Medium
856,High
857,Medium
858,Low
859,Medium
860,nan
861,nan
862,Very_High
863,Medium
864,nan
865,nan
866,nan
867,High
868,Low
869,Low
870,Medium
871,Low
872,Low
873,Medium
874,Medium
875,Medium
876,Medium
877,Medium
878,nan
879,Medium
880,Low
881,Medium
882,High
883,Medium
884,nan
885,Medium
886,Medium
887,High
888,nan
889,nan
890,Medium
891,Low
892,nan
893,High
894,High
895,Medium
896,Low
897,Low
898,Medium
899,High
900,Medium
901,nan
902,Medium
903,Medium
904,Very_High
905,Very_High
906,Medium
907,Medium
908,Low
909,Medium
910,nan
911,Medium
912,Medium
913,nan
914,Medium
915,Medium
916,nan
917,High
918,Low
919,nan
920,Medium
921,nan
922,High
923,nan
924,nan
925,High
926,Medium
927,nan
928,Low
929,Low
930,nan
931,Very_High
932,Low
933,Medium
934,Medium
935,nan
936,Medium
937,nan
938,nan
939,Low
940,Low
941,Medium
942,Low
943,nan
944,Low
945,nan
946,Very_High
947,nan
948,High
949,Medium
950,High
951,nan
952,nan
953,High
954,High
955,nan
956,Medium
957,High
958,Medium
959,nan
960,nan
961,nan
962,nan
963,nan
964,Low
965,nan
966,High
967,nan
968,Medium
969,nan
970,nan
971,Low
972,Medium
973,Low
974,High
975,Low
976,Very_High
977,nan
978,High
979,High
980,nan
981,Low
982,nan
983,nan
984,nan
985,High
986,nan
987,nan
988,High
989,nan
990,nan
991,nan
992,Medium
993,High
994,Low
995,Low
996,High
997,Very_High
998,nan
999,nan
1000,nan
1001,Low
1002,nan
1003,nan
1004,High
1005,High
1006,Medium
1007,nan
1008,Low
1009,High
1010,nan
1011,Very_High
1012,nan
1013,nan
1014,Low
1015,Medium
1016,Low
1017,nan
1018,Low
1019,Low
1020,Medium
1021,nan
1022,High
1023,Medium
1024,nan
1025,nan
1026,Medium
1027,nan
1028,nan
1029,Medium
1030,Very_High
1031,Very_High
1032,Medium
1033,Very_High
1034,Low
1035,Low
1036,High
1037,nan
1038,High
1039,nan
1040,Medium
1041,Medium
1042,Low
1043,Medium
1044,Very_High
1045,Medium
1046,Very_High
1047,Very_High
1048,Very_High
1049,Medium
1050,Medium
1051,nan
1052,nan
1053,Low
1054,nan
1055,nan
1056,High
1057,nan
1058,nan
1059,High
1060,High
1061,nan
1062,nan
1063,nan
1064,nan
1065,Medium
1066,Medium
1067,Low
1068,High
1069,Medium
1070,nan
1071,Medium
1072,High
1073,Very_High
1074,nan
1075,High
1076,Very_High
1077,nan
1078,Medium
1079,High
1080,nan
1081,High
1082,Low
1083,Medium
1084,nan
1085,High
1086,High
1087,High
1088,High
1089,Very_High
1090,Medium
1091,nan
1092,Very_High
1093,nan
1094,Low
1095,Low
1096,Medium
1097,Low
1098,nan
1099,High
1100,Low
1101,nan
1102,High
1103,nan
1104,nan
1105,nan
1106,nan
1107,nan
1108,nan
1109,Low
1110,nan
1111,nan
1112,nan
1113,Medium
1114,Low
1115,Medium
1116,nan
1117,High
1118,Medium
1119,nan
1120,High
1121,Very_High
1122,nan
1123,nan
1124,Medium
1125,Medium
1126,nan
1127,nan
1128,Very_High
1129,nan
1130,Medium
1131,High
1132,Low
1133,Very_High
1134,High
1135,Very_High
1136,Low
1137,Medium
1138,Very_High
1139,Medium
1140,nan
1141,Low
1142,nan
1143,Medium
1144,Low
1145,nan
1146,nan
1147,Low
1148,nan
1149,High
1150,nan
1151,High
1152,nan
1153,Low
1154,Medium
1155,High
1156,nan
1157,Medium
1158,nan
1159,Medium
1160,nan
1161,Medium
1162,Low
1163,nan
1164,Low
1165,Medium
1166,Low
1167,nan
1168,nan
1169,nan
1170,nan
1171,Low
1172,Low
1173,High
1174,High
1175,nan
1176,High
1177,nan
1178,nan
1179,High
1180,High
1181,nan
1182,nan
1183,nan
1184,nan
1185,High
1186,Low
1187,Low
1188,nan
1189,Low
1190,High
1191,nan
1192,Medium
1193,nan
1194,Low
1195,nan
1196,Medium
1197,Low
1198,Low
1199,Very_High
1200,High
1201,Very_High
1202,nan
1203,Medium
1204,Medium
1205,Medium
1206,nan
1207,High
1208,High
1209,Medium
1210,High
1211,Medium
1212,Low
1213,Low
1214,Medium
1215,nan
1216,High
1217,Medium
1218,nan
1219,nan
1220,nan
1221,nan
1222,nan
1223,nan
1224,nan
1225,Low
1226,nan
1227,Medium
1228,Medium
1229,Medium
1230,High
1231,Medium
1232,Low
1233,nan
1234,Medium
1235,Low
1236,nan
1237,Low
1238,Low
1239,Low
1240,nan
1241,High
1242,nan
1243,nan
1244,nan
1245,nan
1246,nan
1247,Medium
1248,nan
1249,Medium
1250,Very_High
1251,High
1252,nan
1253,nan
1254,High
1255,nan
1256,Low
1257,nan
1258,nan
1259,Low
1260,High
1261,nan
1262,High
1263,nan
1264,Medium
1265,Medium
1266,nan
1267,High
1268,Low
1269,nan
1270,Medium
1271,Medium
1272,Low
1273,Medium
1274,Medium
1275,Medium
1276,Medium
1277,nan
1278,Low
1279,nan
1280,nan
1281,Low
1282,High
1283,High
1284,High
1285,High
1286,Medium
1287,High
1288,Low
1289,High
1290,nan
1291,Low
1292,nan
1293,nan
1294,Low
1295,Low
1296,Low
1297,High
1298,nan
1299,nan
1300,nan
1301,Low
1302,nan
1303,High
1304,nan
1305,Low
1306,Medium
1307,nan
1308,nan
1309,Medium
1310,Medium
1311,Low
1312,High
1313,nan
1314,Low
1315,Medium
1316,Medium
1317,nan
1318,High
1319,Medium
1320,Low
1321,Low
1322,Very_High
1323,Low
1324,Medium
1325,Medium
1326,Medium
1327,Low
1328,Medium
1329,Medium
1330,Medium
1331,nan
1332,High
1333,Very_High
1334,Medium
1335,nan
1336,Low
1337,Low
1338,Low
1339,nan
1340,High
1341,nan
1342,Low
1343,nan
1344,Medium
1345,Very_High
1346,Medium
1347,Low
1348,nan
1349,nan
1350,High
1351,Medium
1352,nan
1353,nan
1354,nan
1355,nan
1356,nan
1357,Medium
1358,nan
1359,High
1360,Low
1361,nan
1362,Low
1363,nan
1364,Medium
1365,nan
1366,nan
1367,nan
1368,nan
1369,Medium
1370,Medium
1371,Medium
1372,nan
1373,High
1374,Low
1375,Medium
1376,nan
1377,nan
1378,nan
1379,nan
1380,Low
1381,Medium
1382,Low
1383,Medium
1384,nan
1385,Medium
1386,Medium
1387,Low
1388,Low
1389,nan
1390,nan
1391,Low
1392,nan
1393,High
1394,nan
1395,Low
1396,nan
1397,High
1398,nan
1399,Medium
1400,Very_High
1401,nan
1402,Low
1403,Medium
1404,Low
1405,High
1406,High
1407,High
1408,nan
1409,Very_High
1410,High
1411,nan
1412,Medium
1413,High
1414,Medium
1415,nan
1416,Low
1417,Medium
1418,nan
1419,High
1420,High
1421,nan
1422,Medium
1423,Medium
1424,Very_High
1425,Low
1426,Low
1427,High
1428,Low
1429,High
1430,nan
1431,Very_High
1432,nan
1433,Medium
1434,Medium
1435,Very_High
1436,High
1437,Medium
1438,Medium
1439,Low
1440,Medium
1441,High
1442,Medium
1443,High
1444,Low
1445,High
1446,Low
1447,Medium
1448,Low
1449,Medium
1450,Low
1451,Medium
1452,nan
1453,nan
1454,Low
1455,nan
1456,Low
1457,Low
1458,Medium
1459,nan
1460,High
1461,High
1462,nan
1463,Medium
1464,Low
1465,Medium
1466,nan
1467,Medium
1468,Very_High
1469,nan
1470,nan
1471,Low
1472,nan
1473,Medium
1474,Medium
1475,Medium
1476,Medium
1477,Medium
1478,Low
1479,nan
1480,High
1481,nan
1482,Low
1483,nan
1484,nan
1485,nan
1486,Low
1487,Medium
1488,nan
1489,High
1490,Low
1491,Medium
1492,nan
1493,nan
1494,nan
1495,High
1496,nan
1497,nan
1498,nan
1499,Very_High
1500,Low
